Point_ID,Heap_Position,NP_Neighbors,FHE_Neighbors,Diff_Neighbors,NP_Core,FHE_Core,Diff_Core,NP_Label,FHE_Label_Heap,FHE_Label_Orig
0,11,2.0000,2.0000,0.0000,0.0000,0.0000,0.0000,1.0000,145.6568,146
1,59,19.0000,19.0000,0.0000,1.0000,1.0000,0.0000,1.0000,145.8161,146
2,60,20.0000,20.0000,0.0000,1.0000,1.0000,0.0000,1.0000,145.8182,146
3,33,14.0000,14.0000,0.0000,1.0000,1.0000,0.0000,1.0000,145.8177,146
4,56,22.0000,22.0000,0.0000,1.0000,1.0000,0.0000,1.0000,145.8170,146
5,36,31.0000,31.0000,0.0000,1.0000,1.0000,0.0000,1.0000,145.8146,146
6,120,20.0000,20.0000,0.0000,1.0000,1.0000,0.0000,1.0000,145.8167,146
7,121,4.0000,4.0000,0.0000,0.0000,0.0000,0.0000,1.0000,145.6686,146
8,97,3.0000,3.0000,0.0000,0.0000,-0.0000,0.0000,0.0000,-0.1577,-1
9,34,23.0000,23.0000,0.0000,1.0000,1.0000,0.0000,1.0000,145.8161,146
10,14,17.0000,17.0000,0.0000,1.0000,1.0000,0.0000,1.0000,145.8189,146
11,126,26.0000,26.0000,0.0000,1.0000,1.0000,0.0000,1.0000,145.8185,146
12,84,26.0000,26.0000,0.0000,1.0000,1.0000,0.0000,1.0000,145.8180,146
13,55,21.0000,22.0000,1.0000,1.0000,1.0000,0.0000,1.0000,145.8160,146
14,91,37.0000,37.0000,0.0000,1.0000,1.0000,0.0000,1.0000,145.8177,146
15,15,14.0000,14.0000,0.0000,1.0000,1.0000,0.0000,1.0000,145.8165,146
16,83,34.0000,34.0000,0.0000,1.0000,1.0000,0.0000,1.0000,145.8158,146
17,29,28.0000,28.0000,0.0000,1.0000,1.0000,0.0000,1.0000,145.8190,146
18,116,26.0000,26.0000,0.0000,1.0000,1.0000,0.0000,1.0000,145.8171,146
19,109,34.0000,34.0000,0.0000,1.0000,1.0000,0.0000,1.0000,145.8178,146
20,99,33.0000,33.0000,0.0000,1.0000,1.0000,0.0000,1.0000,145.8160,146
21,128,23.0000,24.0000,1.0000,1.0000,1.0000,0.0000,1.0000,145.8177,146
22,19,12.0000,12.0000,0.0000,1.0000,1.0000,0.0000,1.0000,145.8215,146
23,1,6.0000,6.0000,0.0000,1.0000,1.0000,0.0000,1.0000,145.8197,146
24,179,4.0000,4.0000,0.0000,0.0000,-0.0000,0.0000,1.0000,145.6570,146
25,70,14.0000,14.0000,0.0000,1.0000,1.0000,0.0000,1.0000,145.8163,146
26,67,40.0000,40.0000,0.0000,1.0000,1.0000,0.0000,1.0000,145.8171,146
27,119,22.0000,22.0000,0.0000,1.0000,1.0000,0.0000,1.0000,145.8176,146
28,38,21.0000,21.0000,0.0000,1.0000,1.0000,0.0000,1.0000,145.8154,146
29,94,30.0000,30.0000,0.0000,1.0000,1.0000,0.0000,1.0000,145.8170,146
30,113,35.0000,35.0000,0.0000,1.0000,1.0000,0.0000,1.0000,145.8180,146
31,73,22.0000,22.0000,0.0000,1.0000,1.0000,0.0000,1.0000,145.8167,146
32,2,4.0000,4.0000,0.0000,0.0000,-0.0000,0.0000,1.0000,145.6674,146
33,46,34.0000,34.0000,0.0000,1.0000,1.0000,0.0000,1.0000,145.8167,146
34,23,18.0000,18.0000,0.0000,1.0000,1.0000,0.0000,1.0000,145.8176,146
35,58,33.0000,33.0000,0.0000,1.0000,1.0000,0.0000,1.0000,145.8165,146
36,52,28.0000,28.0000,0.0000,1.0000,1.0000,0.0000,1.0000,145.8166,146
37,12,10.0000,10.0000,0.0000,1.0000,1.0000,0.0000,1.0000,145.8184,146
38,145,15.0000,15.0000,0.0000,1.0000,1.0000,0.0000,1.0000,145.8175,146
39,37,2.0000,2.0000,0.0000,0.0000,-0.0000,0.0000,1.0000,145.6552,146
40,133,22.0000,22.0000,0.0000,1.0000,1.0000,0.0000,1.0000,145.8159,146
41,144,9.0000,9.0000,0.0000,1.0000,1.0000,0.0000,1.0000,145.8173,146
42,44,31.0000,31.0000,0.0000,1.0000,1.0000,0.0000,1.0000,145.8185,146
43,8,6.0000,6.0000,0.0000,1.0000,1.0000,0.0000,1.0000,145.8229,146
44,77,15.0000,15.0000,0.0000,1.0000,1.0000,0.0000,1.0000,145.8187,146
45,148,5.0000,5.0000,0.0000,0.0000,-0.0000,0.0000,1.0000,145.6634,146
46,138,19.0000,20.0000,1.0000,1.0000,1.0000,0.0000,1.0000,145.8166,146
47,48,31.0000,32.0000,1.0000,1.0000,1.0000,0.0000,1.0000,145.8156,146
48,143,13.0000,13.0000,0.0000,1.0000,1.0000,0.0000,1.0000,145.8182,146
49,92,33.0000,33.0000,0.0000,1.0000,1.0000,0.0000,1.0000,145.8165,146
50,136,21.0000,21.0000,0.0000,1.0000,1.0000,0.0000,1.0000,145.8175,146
51,127,27.0000,27.0000,0.0000,1.0000,1.0000,0.0000,1.0000,145.8160,146
52,9,16.0000,16.0000,0.0000,1.0000,1.0000,0.0000,1.0000,145.8196,146
53,93,5.0000,5.0000,0.0000,0.0000,0.0000,0.0000,1.0000,145.6610,146
54,25,1.0000,1.0000,0.0000,0.0000,-0.0000,0.0000,0.0000,-0.1581,-1
55,106,27.0000,28.0000,1.0000,1.0000,1.0000,0.0000,1.0000,145.8185,146
56,95,36.0000,36.0000,0.0000,1.0000,1.0000,0.0000,1.0000,145.8165,146
57,88,32.0000,33.0000,1.0000,1.0000,1.0000,0.0000,1.0000,145.8157,146
58,115,29.0000,29.0000,0.0000,1.0000,1.0000,0.0000,1.0000,145.8159,146
59,87,37.0000,37.0000,0.0000,1.0000,1.0000,0.0000,1.0000,145.8184,146
60,131,16.0000,16.0000,0.0000,1.0000,1.0000,0.0000,1.0000,145.8152,146
61,17,13.0000,13.0000,0.0000,1.0000,1.0000,0.0000,1.0000,145.8204,146
62,32,27.0000,27.0000,0.0000,1.0000,1.0000,0.0000,1.0000,145.8174,146
63,123,17.0000,17.0000,0.0000,1.0000,1.0000,0.0000,1.0000,145.8173,146
64,107,36.0000,36.0000,0.0000,1.0000,1.0000,0.0000,1.0000,145.8160,146
65,104,10.0000,10.0000,0.0000,1.0000,1.0000,0.0000,1.0000,145.8162,146
66,13,7.0000,7.0000,0.0000,1.0000,1.0000,0.0000,1.0000,145.8209,146
67,43,31.0000,31.0000,0.0000,1.0000,1.0000,0.0000,1.0000,145.8187,146
68,117,27.0000,27.0000,0.0000,1.0000,1.0000,0.0000,1.0000,145.8165,146
69,50,30.0000,30.0000,0.0000,1.0000,1.0000,0.0000,1.0000,145.8170,146
70,41,15.0000,15.0000,0.0000,1.0000,1.0000,0.0000,1.0000,145.8157,146
71,90,26.0000,26.0000,0.0000,1.0000,1.0000,0.0000,1.0000,145.8165,146
72,5,9.0000,9.0000,0.0000,1.0000,1.0000,0.0000,1.0000,145.8199,146
73,154,4.0000,4.0000,0.0000,0.0000,-0.0000,0.0000,1.0000,145.6652,146
74,61,18.0000,18.0000,0.0000,1.0000,1.0000,0.0000,1.0000,145.8175,146
75,134,22.0000,22.0000,0.0000,1.0000,1.0000,0.0000,1.0000,145.8166,146
76,62,30.0000,30.0000,0.0000,1.0000,1.0000,0.0000,1.0000,145.8178,146
77,124,17.0000,17.0000,0.0000,1.0000,1.0000,0.0000,1.0000,145.8140,146
78,142,5.0000,5.0000,0.0000,0.0000,-0.0000,0.0000,2.0000,459.6560,460
79,72,27.0000,27.0000,0.0000,1.0000,1.0000,0.0000,1.0000,145.8188,146
80,85,37.0000,37.0000,0.0000,1.0000,1.0000,0.0000,1.0000,145.8175,146
81,151,14.0000,14.0000,0.0000,1.0000,1.0000,0.0000,1.0000,145.8151,146
82,42,33.0000,34.0000,1.0000,1.0000,1.0000,0.0000,1.0000,145.8182,146
83,65,39.0000,39.0000,0.0000,1.0000,1.0000,0.0000,1.0000,145.8178,146
84,105,16.0000,16.0000,0.0000,1.0000,1.0000,0.0000,1.0000,145.8191,146
85,76,28.0000,28.0000,0.0000,1.0000,1.0000,0.0000,1.0000,145.8177,146
86,108,30.0000,31.0000,1.0000,1.0000,1.0000,0.0000,1.0000,145.8178,146
87,75,33.0000,33.0000,0.0000,1.0000,1.0000,0.0000,1.0000,145.8155,146
88,6,8.0000,8.0000,0.0000,1.0000,1.0000,0.0000,1.0000,145.8192,146
89,111,36.0000,36.0000,0.0000,1.0000,1.0000,0.0000,1.0000,145.8165,146
90,150,10.0000,10.0000,0.0000,1.0000,1.0000,0.0000,1.0000,145.8185,146
91,45,34.0000,34.0000,0.0000,1.0000,1.0000,0.0000,1.0000,145.8175,146
92,98,5.0000,5.0000,0.0000,0.0000,0.0000,0.0000,1.0000,145.6585,146
93,64,38.0000,39.0000,1.0000,1.0000,1.0000,0.0000,1.0000,145.8193,146
94,89,34.0000,34.0000,0.0000,1.0000,1.0000,0.0000,1.0000,145.8157,146
95,16,13.0000,14.0000,1.0000,1.0000,1.0000,0.0000,1.0000,145.8174,146
96,28,24.0000,24.0000,0.0000,1.0000,1.0000,0.0000,1.0000,145.8183,146
97,81,14.0000,14.0000,0.0000,1.0000,1.0000,0.0000,1.0000,145.8186,146
98,149,13.0000,13.0000,0.0000,1.0000,1.0000,0.0000,1.0000,145.8146,146
99,110,18.0000,18.0000,0.0000,1.0000,1.0000,0.0000,1.0000,145.8162,146
100,30,26.0000,26.0000,0.0000,1.0000,1.0000,0.0000,1.0000,145.8168,146
101,57,30.0000,30.0000,0.0000,1.0000,1.0000,0.0000,1.0000,145.8172,146
102,54,22.0000,22.0000,0.0000,1.0000,1.0000,0.0000,1.0000,145.8162,146
103,27,23.0000,23.0000,0.0000,1.0000,1.0000,0.0000,1.0000,145.8163,146
104,129,25.0000,26.0000,1.0000,1.0000,1.0000,0.0000,1.0000,145.8175,146
105,66,29.0000,31.0000,2.0000,1.0000,1.0000,0.0000,1.0000,145.8178,146
106,74,22.0000,22.0000,0.0000,1.0000,1.0000,0.0000,1.0000,145.8182,146
107,112,28.0000,28.0000,0.0000,1.0000,1.0000,0.0000,1.0000,145.8175,146
108,130,28.0000,28.0000,0.0000,1.0000,1.0000,0.0000,1.0000,145.8185,146
109,51,31.0000,31.0000,0.0000,1.0000,1.0000,0.0000,1.0000,145.8159,146
110,101,21.0000,21.0000,0.0000,1.0000,1.0000,0.0000,1.0000,145.8156,146
111,20,8.0000,8.0000,0.0000,1.0000,1.0000,0.0000,1.0000,145.8194,146
112,86,36.0000,36.0000,0.0000,1.0000,1.0000,0.0000,1.0000,145.8183,146
113,79,41.0000,41.0000,0.0000,1.0000,1.0000,0.0000,1.0000,145.8169,146
114,18,14.0000,14.0000,0.0000,1.0000,1.0000,0.0000,1.0000,145.8189,146
115,3,7.0000,7.0000,0.0000,1.0000,1.0000,0.0000,1.0000,145.8202,146
116,146,6.0000,7.0000,1.0000,1.0000,1.0000,0.0000,1.0000,145.8171,146
117,96,18.0000,18.0000,0.0000,1.0000,1.0000,0.0000,1.0000,145.8193,146
118,0,1.0000,1.0000,0.0000,0.0000,-0.0000,0.0000,0.0000,-0.1576,-1
119,7,9.0000,9.0000,0.0000,1.0000,1.0000,0.0000,1.0000,145.8198,146
120,26,20.0000,20.0000,0.0000,1.0000,1.0000,0.0000,1.0000,145.8186,146
121,103,20.0000,20.0000,0.0000,1.0000,1.0000,0.0000,1.0000,145.8174,146
122,78,3.0000,3.0000,0.0000,0.0000,-0.0000,0.0000,0.0000,-0.1585,-1
123,71,34.0000,34.0000,0.0000,1.0000,1.0000,0.0000,1.0000,145.8160,146
124,10,15.0000,15.0000,0.0000,1.0000,1.0000,0.0000,1.0000,145.8198,146
125,4,6.0000,6.0000,0.0000,1.0000,1.0000,0.0000,1.0000,145.8203,146
126,159,3.0000,3.0000,0.0000,0.0000,-0.0000,0.0000,1.0000,145.6593,146
127,24,27.0000,27.0000,0.0000,1.0000,1.0000,0.0000,1.0000,145.8177,146
128,21,24.0000,24.0000,0.0000,1.0000,1.0000,0.0000,1.0000,145.8170,146
129,125,16.0000,16.0000,0.0000,1.0000,1.0000,0.0000,1.0000,145.8133,146
130,69,22.0000,22.0000,0.0000,1.0000,1.0000,0.0000,1.0000,145.8148,146
131,198,4.0000,4.0000,0.0000,0.0000,0.0000,0.0000,2.0000,459.6540,460
132,114,25.0000,25.0000,0.0000,1.0000,1.0000,0.0000,1.0000,145.8183,146
133,40,30.0000,30.0000,0.0000,1.0000,1.0000,0.0000,1.0000,145.8143,146
134,39,6.0000,6.0000,0.0000,1.0000,1.0000,0.0000,1.0000,145.8174,146
135,47,22.0000,22.0000,0.0000,1.0000,1.0000,0.0000,1.0000,145.8179,146
136,147,6.0000,6.0000,0.0000,1.0000,1.0000,0.0000,2.0000,459.8019,460
137,118,31.0000,31.0000,0.0000,1.0000,1.0000,0.0000,1.0000,145.8152,146
138,22,19.0000,19.0000,0.0000,1.0000,1.0000,0.0000,1.0000,145.8183,146
139,49,22.0000,22.0000,0.0000,1.0000,1.0000,0.0000,1.0000,145.8160,146
140,68,17.0000,17.0000,0.0000,1.0000,1.0000,0.0000,1.0000,145.8174,146
141,63,33.0000,33.0000,0.0000,1.0000,1.0000,0.0000,1.0000,145.8178,146
142,53,38.0000,38.0000,0.0000,1.0000,1.0000,0.0000,1.0000,145.8166,146
143,82,35.0000,35.0000,0.0000,1.0000,1.0000,0.0000,1.0000,145.8181,146
144,31,15.0000,15.0000,0.0000,1.0000,1.0000,0.0000,1.0000,145.8181,146
145,100,32.0000,32.0000,0.0000,1.0000,1.0000,0.0000,1.0000,145.8155,146
146,35,33.0000,33.0000,0.0000,1.0000,1.0000,0.0000,1.0000,145.8183,146
147,102,28.0000,28.0000,0.0000,1.0000,1.0000,0.0000,1.0000,145.8177,146
148,135,6.0000,6.0000,0.0000,1.0000,1.0000,0.0000,1.0000,145.8190,146
149,153,9.0000,9.0000,0.0000,1.0000,1.0000,0.0000,2.0000,459.8066,460
150,373,31.0000,31.0000,0.0000,1.0000,1.0000,0.0000,2.0000,459.8120,460
151,436,15.0000,15.0000,0.0000,1.0000,1.0000,0.0000,2.0000,459.8135,460
152,193,11.0000,11.0000,0.0000,1.0000,1.0000,0.0000,2.0000,459.8137,460
153,260,34.0000,35.0000,1.0000,1.0000,1.0000,0.0000,2.0000,459.8105,460
154,197,6.0000,6.0000,0.0000,1.0000,1.0000,0.0000,2.0000,459.8103,460
155,462,9.0000,9.0000,0.0000,1.0000,1.0000,0.0000,2.0000,459.8096,460
156,166,11.0000,11.0000,0.0000,1.0000,1.0000,0.0000,2.0000,459.8125,460
157,204,12.0000,12.0000,0.0000,1.0000,1.0000,0.0000,2.0000,459.8096,460
158,453,11.0000,12.0000,1.0000,1.0000,1.0000,0.0000,2.0000,459.8100,460
159,454,11.0000,11.0000,0.0000,1.0000,1.0000,0.0000,2.0000,459.8105,460
160,449,11.0000,11.0000,0.0000,1.0000,1.0000,0.0000,2.0000,459.8113,460
161,419,16.0000,17.0000,1.0000,1.0000,1.0000,0.0000,2.0000,459.8143,460
162,327,33.0000,34.0000,1.0000,1.0000,1.0000,0.0000,2.0000,459.8124,460
163,299,4.0000,4.0000,0.0000,0.0000,-0.0000,0.0000,2.0000,459.6494,460
164,331,15.0000,15.0000,0.0000,1.0000,1.0000,0.0000,2.0000,459.8128,460
165,171,6.0000,7.0000,1.0000,1.0000,1.0000,0.0000,2.0000,459.8107,460
166,321,35.0000,36.0000,1.0000,1.0000,1.0000,0.0000,2.0000,459.8122,460
167,386,28.0000,28.0000,0.0000,1.0000,1.0000,0.0000,2.0000,459.8124,460
168,257,24.0000,24.0000,0.0000,1.0000,1.0000,0.0000,2.0000,459.8110,460
169,329,31.0000,31.0000,0.0000,1.0000,1.0000,0.0000,2.0000,459.8108,460
170,356,21.0000,21.0000,0.0000,1.0000,1.0000,0.0000,2.0000,459.8117,460
171,162,4.0000,5.0000,1.0000,0.0000,0.0000,0.0000,2.0000,459.6578,460
172,160,5.0000,5.0000,0.0000,0.0000,0.0000,0.0000,2.0000,459.6527,460
173,306,33.0000,33.0000,0.0000,1.0000,1.0000,0.0000,2.0000,459.8103,460
174,226,23.0000,24.0000,1.0000,1.0000,1.0000,0.0000,2.0000,459.8122,460
175,262,31.0000,31.0000,0.0000,1.0000,1.0000,0.0000,2.0000,459.8105,460
176,418,20.0000,20.0000,0.0000,1.0000,1.0000,0.0000,2.0000,459.8149,460
177,264,33.0000,33.0000,0.0000,1.0000,1.0000,0.0000,2.0000,459.8109,460
178,341,18.0000,18.0000,0.0000,1.0000,1.0000,0.0000,2.0000,459.8109,460
179,459,4.0000,4.0000,0.0000,0.0000,0.0000,0.0000,2.0000,459.6496,460
180,397,19.0000,19.0000,0.0000,1.0000,1.0000,0.0000,2.0000,459.8146,460
181,358,12.0000,13.0000,1.0000,1.0000,1.0000,0.0000,2.0000,459.8150,460
182,290,27.0000,27.0000,0.0000,1.0000,1.0000,0.0000,2.0000,459.8133,460
183,232,17.0000,17.0000,0.0000,1.0000,1.0000,0.0000,2.0000,459.8093,460
184,383,21.0000,22.0000,1.0000,1.0000,1.0000,0.0000,2.0000,459.8120,460
185,183,12.0000,12.0000,0.0000,1.0000,1.0000,0.0000,2.0000,459.8105,460
186,278,9.0000,9.0000,0.0000,1.0000,1.0000,0.0000,2.0000,459.8085,460
187,289,24.0000,24.0000,0.0000,1.0000,1.0000,0.0000,2.0000,459.8132,460
188,404,24.0000,25.0000,1.0000,1.0000,1.0000,0.0000,2.0000,459.8133,460
189,240,10.0000,10.0000,0.0000,1.0000,1.0000,0.0000,2.0000,459.8101,460
190,164,12.0000,12.0000,0.0000,1.0000,1.0000,0.0000,2.0000,459.8054,460
191,392,29.0000,29.0000,0.0000,1.0000,1.0000,0.0000,2.0000,459.8128,460
192,259,33.0000,33.0000,0.0000,1.0000,1.0000,0.0000,2.0000,459.8109,460
193,280,12.0000,12.0000,0.0000,1.0000,1.0000,0.0000,2.0000,459.8152,460
194,190,15.0000,15.0000,0.0000,1.0000,1.0000,0.0000,2.0000,459.8093,460
195,188,2.0000,2.0000,0.0000,0.0000,-0.0000,0.0000,2.0000,459.6563,460
196,388,19.0000,19.0000,0.0000,1.0000,1.0000,0.0000,2.0000,459.8106,460
197,253,31.0000,31.0000,0.0000,1.0000,1.0000,0.0000,2.0000,459.8105,460
198,444,14.0000,14.0000,0.0000,1.0000,1.0000,0.0000,2.0000,459.8111,460
199,255,7.0000,7.0000,0.0000,1.0000,1.0000,0.0000,2.0000,459.8107,460
200,368,31.0000,31.0000,0.0000,1.0000,1.0000,0.0000,2.0000,459.8109,460
201,207,23.0000,23.0000,0.0000,1.0000,1.0000,0.0000,2.0000,459.8116,460
202,389,18.0000,18.0000,0.0000,1.0000,1.0000,0.0000,2.0000,459.8128,460
203,270,27.0000,27.0000,0.0000,1.0000,1.0000,0.0000,2.0000,459.8101,460
204,319,22.0000,22.0000,0.0000,1.0000,1.0000,0.0000,2.0000,459.8115,460
205,293,19.0000,19.0000,0.0000,1.0000,1.0000,0.0000,2.0000,459.8117,460
206,432,19.0000,19.0000,0.0000,1.0000,1.0000,0.0000,2.0000,459.8139,460
207,458,8.0000,8.0000,0.0000,1.0000,1.0000,0.0000,2.0000,459.8120,460
208,165,10.0000,10.0000,0.0000,1.0000,1.0000,0.0000,2.0000,459.8096,460
209,175,5.0000,5.0000,0.0000,0.0000,-0.0000,0.0000,2.0000,459.6544,460
210,324,35.0000,35.0000,0.0000,1.0000,1.0000,0.0000,2.0000,459.8112,460
211,308,35.0000,36.0000,1.0000,1.0000,1.0000,0.0000,2.0000,459.8117,460
212,371,24.0000,24.0000,0.0000,1.0000,1.0000,0.0000,2.0000,459.8128,460
213,248,31.0000,31.0000,0.0000,1.0000,1.0000,0.0000,2.0000,459.8096,460
214,296,35.0000,36.0000,1.0000,1.0000,1.0000,0.0000,2.0000,459.8091,460
215,209,22.0000,22.0000,0.0000,1.0000,1.0000,0.0000,2.0000,459.8127,460
216,288,24.0000,24.0000,0.0000,1.0000,1.0000,0.0000,2.0000,459.8135,460
217,283,24.0000,25.0000,1.0000,1.0000,1.0000,0.0000,2.0000,459.8138,460
218,298,24.0000,24.0000,0.0000,1.0000,1.0000,0.0000,2.0000,459.8140,460
219,379,28.0000,28.0000,0.0000,1.0000,1.0000,0.0000,2.0000,459.8129,460
220,406,11.0000,11.0000,0.0000,1.0000,1.0000,0.0000,2.0000,459.8136,460
221,250,34.0000,34.0000,0.0000,1.0000,1.0000,0.0000,2.0000,459.8121,460
222,152,8.0000,8.0000,0.0000,1.0000,1.0000,0.0000,2.0000,459.8105,460
223,161,7.0000,7.0000,0.0000,1.0000,1.0000,0.0000,2.0000,459.8084,460
224,322,39.0000,40.0000,1.0000,1.0000,1.0000,0.0000,2.0000,459.8118,460
225,350,30.0000,31.0000,1.0000,1.0000,1.0000,0.0000,2.0000,459.8126,460
226,401,26.0000,26.0000,0.0000,1.0000,1.0000,0.0000,2.0000,459.8128,460
227,413,22.0000,22.0000,0.0000,1.0000,1.0000,0.0000,2.0000,459.8144,460
228,374,21.0000,21.0000,0.0000,1.0000,1.0000,0.0000,2.0000,459.8157,460
229,333,16.0000,16.0000,0.0000,1.0000,1.0000,0.0000,2.0000,459.8118,460
230,169,11.0000,11.0000,0.0000,1.0000,1.0000,0.0000,2.0000,459.8119,460
231,362,31.0000,31.0000,0.0000,1.0000,1.0000,0.0000,2.0000,459.8113,460
232,366,28.0000,28.0000,0.0000,1.0000,1.0000,0.0000,2.0000,459.8125,460
233,254,16.0000,16.0000,0.0000,1.0000,1.0000,0.0000,2.0000,459.8096,460
234,421,16.0000,16.0000,0.0000,1.0000,1.0000,0.0000,2.0000,459.8123,460
235,428,18.0000,18.0000,0.0000,1.0000,1.0000,0.0000,2.0000,459.8124,460
236,275,33.0000,33.0000,0.0000,1.0000,1.0000,0.0000,2.0000,459.8108,460
237,409,25.0000,25.0000,0.0000,1.0000,1.0000,0.0000,2.0000,459.8136,460
238,212,15.0000,15.0000,0.0000,1.0000,1.0000,0.0000,2.0000,459.8143,460
239,231,19.0000,19.0000,0.0000,1.0000,1.0000,0.0000,2.0000,459.8157,460
240,256,27.0000,27.0000,0.0000,1.0000,1.0000,0.0000,2.0000,459.8127,460
241,211,23.0000,23.0000,0.0000,1.0000,1.0000,0.0000,2.0000,459.8120,460
242,273,11.0000,11.0000,0.0000,1.0000,1.0000,0.0000,2.0000,459.8119,460
243,245,27.0000,27.0000,0.0000,1.0000,1.0000,0.0000,2.0000,459.8141,460
244,187,16.0000,16.0000,0.0000,1.0000,1.0000,0.0000,2.0000,459.8115,460
245,300,30.0000,30.0000,0.0000,1.0000,1.0000,0.0000,2.0000,459.8146,460
246,201,9.0000,10.0000,1.0000,1.0000,1.0000,0.0000,2.0000,459.8150,460
247,435,18.0000,18.0000,0.0000,1.0000,1.0000,0.0000,2.0000,459.8118,460
248,191,13.0000,13.0000,0.0000,1.0000,1.0000,0.0000,2.0000,459.8088,460
249,225,21.0000,21.0000,0.0000,1.0000,1.0000,0.0000,2.0000,459.8121,460
250,330,32.0000,32.0000,0.0000,1.0000,1.0000,0.0000,2.0000,459.8115,460
251,433,16.0000,16.0000,0.0000,1.0000,1.0000,0.0000,2.0000,459.8112,460
252,424,18.0000,18.0000,0.0000,1.0000,1.0000,0.0000,2.0000,459.8136,460
253,246,31.0000,31.0000,0.0000,1.0000,1.0000,0.0000,2.0000,459.8110,460
254,274,31.0000,31.0000,0.0000,1.0000,1.0000,0.0000,2.0000,459.8105,460
255,177,13.0000,13.0000,0.0000,1.0000,1.0000,0.0000,2.0000,459.8107,460
256,219,13.0000,13.0000,0.0000,1.0000,1.0000,0.0000,2.0000,459.8139,460
257,316,18.0000,18.0000,0.0000,1.0000,1.0000,0.0000,2.0000,459.8108,460
258,267,24.0000,24.0000,0.0000,1.0000,1.0000,0.0000,2.0000,459.8103,460
259,317,29.0000,29.0000,0.0000,1.0000,1.0000,0.0000,2.0000,459.8116,460
260,292,28.0000,28.0000,0.0000,1.0000,1.0000,0.0000,2.0000,459.8136,460
261,222,24.0000,24.0000,0.0000,1.0000,1.0000,0.0000,2.0000,459.8110,460
262,465,7.0000,7.0000,0.0000,1.0000,1.0000,0.0000,2.0000,459.8090,460
263,199,19.0000,19.0000,0.0000,1.0000,1.0000,0.0000,2.0000,459.8135,460
264,365,4.0000,4.0000,0.0000,0.0000,-0.0000,0.0000,2.0000,459.6590,460
265,122,1.0000,1.0000,0.0000,0.0000,-0.0000,0.0000,0.0000,-0.1570,-1
266,285,12.0000,12.0000,0.0000,1.0000,1.0000,0.0000,2.0000,459.8127,460
267,411,21.0000,21.0000,0.0000,1.0000,1.0000,0.0000,2.0000,459.8132,460
268,407,16.0000,16.0000,0.0000,1.0000,1.0000,0.0000,2.0000,459.8136,460
269,396,27.0000,27.0000,0.0000,1.0000,1.0000,0.0000,2.0000,459.8139,460
270,332,36.0000,36.0000,0.0000,1.0000,1.0000,0.0000,2.0000,459.8106,460
271,447,11.0000,11.0000,0.0000,1.0000,1.0000,0.0000,2.0000,459.8118,460
272,218,12.0000,13.0000,1.0000,1.0000,1.0000,0.0000,2.0000,459.8142,460
273,426,21.0000,21.0000,0.0000,1.0000,1.0000,0.0000,2.0000,459.8119,460
274,252,30.0000,30.0000,0.0000,1.0000,1.0000,0.0000,2.0000,459.8135,460
275,381,27.0000,27.0000,0.0000,1.0000,1.0000,0.0000,2.0000,459.8135,460
276,440,7.0000,7.0000,0.0000,1.0000,1.0000,0.0000,2.0000,459.8140,460
277,352,28.0000,28.0000,0.0000,1.0000,1.0000,0.0000,2.0000,459.8133,460
278,186,17.0000,17.0000,0.0000,1.0000,1.0000,0.0000,2.0000,459.8106,460
279,335,12.0000,12.0000,0.0000,1.0000,1.0000,0.0000,2.0000,459.8103,460
280,242,28.0000,28.0000,0.0000,1.0000,1.0000,0.0000,2.0000,459.8114,460
281,347,28.0000,28.0000,0.0000,1.0000,1.0000,0.0000,2.0000,459.8129,460
282,437,15.0000,15.0000,0.0000,1.0000,1.0000,0.0000,2.0000,459.8124,460
283,382,14.0000,14.0000,0.0000,1.0000,1.0000,0.0000,2.0000,459.8149,460
284,416,15.0000,15.0000,0.0000,1.0000,1.0000,0.0000,2.0000,459.8128,460
285,167,7.0000,7.0000,0.0000,1.0000,1.0000,0.0000,2.0000,459.8120,460
286,349,27.0000,27.0000,0.0000,1.0000,1.0000,0.0000,2.0000,459.8096,460
287,351,28.0000,28.0000,0.0000,1.0000,1.0000,0.0000,2.0000,459.8125,460
288,478,3.0000,3.0000,0.0000,0.0000,-0.0000,0.0000,2.0000,459.6532,460
289,415,10.0000,10.0000,0.0000,1.0000,1.0000,0.0000,2.0000,459.8129,460
290,354,27.0000,27.0000,0.0000,1.0000,1.0000,0.0000,2.0000,459.8117,460
291,318,43.0000,44.0000,1.0000,1.0000,1.0000,0.0000,2.0000,459.8118,460
292,408,14.0000,15.0000,1.0000,1.0000,1.0000,0.0000,2.0000,459.8139,460
293,336,28.0000,28.0000,0.0000,1.0000,1.0000,0.0000,2.0000,459.8107,460
294,303,39.0000,39.0000,0.0000,1.0000,1.0000,0.0000,2.0000,459.8104,460
295,272,2.0000,2.0000,0.0000,0.0000,0.0000,0.0000,0.0000,-0.1584,-1
296,367,13.0000,13.0000,0.0000,1.0000,1.0000,0.0000,2.0000,459.8125,460
297,315,39.0000,39.0000,0.0000,1.0000,1.0000,0.0000,2.0000,459.8120,460
298,355,32.0000,32.0000,0.0000,1.0000,1.0000,0.0000,2.0000,459.8125,460
299,372,20.0000,20.0000,0.0000,1.0000,1.0000,0.0000,2.0000,459.8131,460
300,202,9.0000,9.0000,0.0000,1.0000,1.0000,0.0000,3.0000,439.8191,440
301,284,15.0000,16.0000,1.0000,1.0000,1.0000,0.0000,3.0000,439.8175,440
302,425,10.0000,10.0000,0.0000,1.0000,1.0000,0.0000,3.0000,439.8172,440
303,269,19.0000,20.0000,1.0000,1.0000,1.0000,0.0000,3.0000,439.8158,440
304,263,27.0000,27.3035,0.3035,1.0000,1.0000,0.0000,3.0000,439.8151,440
305,375,16.0000,16.0000,0.0000,1.0000,1.0000,0.0000,3.0000,439.8160,440
306,394,9.0000,9.0000,0.0000,1.0000,1.0000,0.0000,3.0000,439.8178,440
307,170,14.0000,14.0000,0.0000,1.0000,1.0000,0.0000,3.0000,439.8167,440
308,215,6.0000,6.0000,0.0000,1.0000,1.0000,0.0000,3.0000,439.8161,440
309,139,6.0000,6.0000,0.0000,1.0000,1.0000,0.0000,3.0000,439.8099,440
310,304,19.0000,19.0000,0.0000,1.0000,1.0000,0.0000,3.0000,439.8145,440
311,80,1.0000,1.0000,0.0000,0.0000,-0.0000,0.0000,0.0000,-0.1580,-1
312,155,5.0000,5.0000,0.0000,0.0000,-0.0000,0.0000,1.0000,145.6601,146
313,173,9.0000,9.0000,0.0000,1.0000,1.0000,0.0000,3.0000,439.8201,440
314,312,2.0000,2.0000,0.0000,0.0000,0.0000,0.0000,0.0000,-0.1595,-1
315,405,17.0000,17.0000,0.0000,1.0000,1.0000,0.0000,3.0000,439.8159,440
316,276,20.0000,20.0000,0.0000,1.0000,1.0000,0.0000,3.0000,439.8169,440
317,214,27.0000,28.0000,1.0000,1.0000,1.0000,0.0000,3.0000,439.8182,440
318,400,23.0000,23.0000,0.0000,1.0000,1.0000,0.0000,3.0000,439.8174,440
319,301,19.0000,19.0000,0.0000,1.0000,1.0000,0.0000,3.0000,439.8156,440
320,445,7.0000,7.0000,0.0000,1.0000,1.0000,0.0000,3.0000,439.8144,440
321,344,24.0000,24.0000,0.0000,1.0000,1.0000,0.0000,3.0000,439.8149,440
322,378,9.0000,9.0000,0.0000,1.0000,1.0000,0.0000,3.0000,439.8140,440
323,180,15.0000,15.0000,0.0000,1.0000,1.0000,0.0000,3.0000,439.8157,440
324,377,23.0000,23.0000,0.0000,1.0000,1.0000,0.0000,3.0000,439.8167,440
325,220,21.0000,21.0000,0.0000,1.0000,1.0000,0.0000,3.0000,439.8152,440
326,185,13.0000,13.0000,0.0000,1.0000,1.0000,0.0000,3.0000,439.8132,440
327,205,29.0000,29.0000,0.0000,1.0000,1.0000,0.0000,3.0000,439.8182,440
328,403,12.0000,12.0000,0.0000,1.0000,1.0000,0.0000,3.0000,439.8149,440
329,178,6.0000,6.0000,0.0000,1.0000,1.0000,0.0000,3.0000,439.8146,440
330,281,19.0000,21.0000,2.0000,1.0000,1.0000,0.0000,3.0000,439.8168,440
331,230,22.0000,22.0000,0.0000,1.0000,1.0000,0.0000,3.0000,439.8144,440
332,325,25.0000,25.0000,0.0000,1.0000,1.0000,0.0000,3.0000,439.8164,440
333,265,20.0000,20.0000,0.0000,1.0000,1.0000,0.0000,3.0000,439.8118,440
334,414,12.0000,12.0000,0.0000,1.0000,1.0000,0.0000,3.0000,439.8167,440
335,338,26.0000,26.0000,0.0000,1.0000,1.0000,0.0000,3.0000,439.8160,440
336,223,25.0000,25.0000,0.0000,1.0000,1.0000,0.0000,3.0000,439.8128,440
337,345,22.0000,23.0000,1.0000,1.0000,1.0000,0.0000,3.0000,439.8141,440
338,363,13.0000,13.0000,0.0000,1.0000,1.0000,0.0000,3.0000,439.8155,440
339,217,26.0000,26.0000,0.0000,1.0000,1.0000,0.0000,3.0000,439.8143,440
340,287,26.0000,26.0000,0.0000,1.0000,1.0000,0.0000,3.0000,439.8147,440
341,208,27.0000,27.0000,0.0000,1.0000,1.0000,0.0000,3.0000,439.8165,440
342,310,23.0000,23.0000,0.0000,1.0000,1.0000,0.0000,3.0000,439.8138,440
343,168,14.0000,14.0000,0.0000,1.0000,1.0000,0.0000,3.0000,439.8148,440
344,239,31.0000,31.0000,0.0000,1.0000,1.0000,0.0000,3.0000,439.8129,440
345,339,23.0000,23.0000,0.0000,1.0000,1.0000,0.0000,3.0000,439.8185,440
346,189,27.0000,27.0000,0.0000,1.0000,1.0000,0.0000,3.0000,439.8140,440
347,243,30.0000,30.0000,0.0000,1.0000,1.0000,0.0000,3.0000,439.8150,440
348,410,14.0000,14.0000,0.0000,1.0000,1.0000,0.0000,3.0000,439.8151,440
349,420,15.0000,15.0000,0.0000,1.0000,1.0000,0.0000,3.0000,439.8154,440
350,369,23.0000,23.0000,0.0000,1.0000,1.0000,0.0000,3.0000,439.8157,440
351,314,23.0000,23.0000,0.0000,1.0000,1.0000,0.0000,3.0000,439.8160,440
352,311,20.0000,20.0000,0.0000,1.0000,1.0000,0.0000,3.0000,439.8180,440
353,195,25.0000,25.0000,0.0000,1.0000,1.0000,0.0000,3.0000,439.8131,440
354,429,11.0000,11.0000,0.0000,1.0000,1.0000,0.0000,3.0000,439.8163,440
355,337,15.0000,15.0000,0.0000,1.0000,1.0000,0.0000,3.0000,439.8147,440
356,203,8.0000,8.0000,0.0000,1.0000,1.0000,0.0000,3.0000,439.8201,440
357,210,8.0000,8.0000,0.0000,1.0000,1.0000,0.0000,3.0000,439.8207,440
358,402,22.0000,22.0000,0.0000,1.0000,1.0000,0.0000,3.0000,439.8174,440
359,361,24.0000,24.0000,0.0000,1.0000,1.0000,0.0000,3.0000,439.8147,440
360,295,29.0000,29.0000,0.0000,1.0000,1.0000,0.0000,3.0000,439.8133,440
361,184,4.0000,4.0000,0.0000,0.0000,-0.0000,0.0000,3.0000,439.6545,440
362,313,23.0000,23.0000,0.0000,1.0000,1.0000,0.0000,3.0000,439.8154,440
363,370,21.0000,21.0000,0.0000,1.0000,1.0000,0.0000,3.0000,439.8172,440
364,393,22.0000,22.0000,0.0000,1.0000,1.0000,0.0000,3.0000,439.8175,440
365,357,22.0000,22.0000,0.0000,1.0000,1.0000,0.0000,3.0000,439.8166,440
366,376,13.0000,13.0000,0.0000,1.0000,1.0000,0.0000,3.0000,439.8128,440
367,228,11.0000,11.0000,0.0000,1.0000,1.0000,0.0000,3.0000,439.8155,440
368,364,22.0000,23.0000,1.0000,1.0000,1.0000,0.0000,3.0000,439.8170,440
369,353,23.0000,23.0000,0.0000,1.0000,1.0000,0.0000,3.0000,439.8157,440
370,282,20.0000,20.0000,0.0000,1.0000,1.0000,0.0000,3.0000,439.8192,440
371,326,25.0000,25.0000,0.0000,1.0000,1.0000,0.0000,3.0000,439.8151,440
372,294,24.0000,24.0000,0.0000,1.0000,1.0000,0.0000,3.0000,439.8137,440
373,387,20.0000,20.0000,0.0000,1.0000,1.0000,0.0000,3.0000,439.8166,440
374,237,32.0000,32.0000,0.0000,1.0000,1.0000,0.0000,3.0000,439.8135,440
375,163,12.0000,12.0000,0.0000,1.0000,1.0000,0.0000,3.0000,439.8138,440
376,412,14.0000,14.0000,0.0000,1.0000,1.0000,0.0000,3.0000,439.8178,440
377,384,15.0000,15.0000,0.0000,1.0000,1.0000,0.0000,3.0000,439.8161,440
378,137,3.0000,3.0000,0.0000,0.0000,0.0000,0.0000,0.0000,-0.1579,-1
379,422,11.0000,11.0000,0.0000,1.0000,1.0000,0.0000,3.0000,439.8184,440
380,229,28.0000,28.0000,0.0000,1.0000,1.0000,0.0000,3.0000,439.8138,440
381,305,13.0000,13.0000,0.0000,1.0000,1.0000,0.0000,3.0000,439.8138,440
382,286,28.0000,28.0000,0.0000,1.0000,1.0000,0.0000,3.0000,439.8147,440
383,342,25.0000,25.0000,0.0000,1.0000,1.0000,0.0000,3.0000,439.8175,440
384,452,1.0000,1.0000,0.0000,0.0000,0.0000,0.0000,0.0000,-0.1598,-1
385,268,18.0000,18.0000,0.0000,1.0000,1.0000,0.0000,3.0000,439.8165,440
386,206,8.0000,8.0000,0.0000,1.0000,1.0000,0.0000,3.0000,439.8199,440
387,391,16.0000,17.0000,1.0000,1.0000,1.0000,0.0000,3.0000,439.8160,440
388,174,19.0000,19.0000,0.0000,1.0000,1.0000,0.0000,3.0000,439.8161,440
389,157,13.0000,13.0000,0.0000,1.0000,1.0000,0.0000,3.0000,439.8101,440
390,320,23.0000,24.0000,1.0000,1.0000,1.0000,0.0000,3.0000,439.8177,440
391,302,29.0000,29.0000,0.0000,1.0000,1.0000,0.0000,3.0000,439.8123,440
392,423,14.0000,14.0000,0.0000,1.0000,1.0000,0.0000,3.0000,439.8163,440
393,328,15.0000,15.0000,0.0000,1.0000,1.0000,0.0000,3.0000,439.8160,440
394,181,12.0000,12.0000,0.0000,1.0000,1.0000,0.0000,3.0000,439.8140,440
395,399,19.0000,19.0000,0.0000,1.0000,1.0000,0.0000,3.0000,439.8172,440
396,140,6.0000,6.0000,0.0000,1.0000,1.0000,0.0000,3.0000,439.8100,440
397,398,18.0000,18.0000,0.0000,1.0000,1.0000,0.0000,3.0000,439.8168,440
398,417,17.0000,17.0000,0.0000,1.0000,1.0000,0.0000,3.0000,439.8169,440
399,238,5.0000,6.0000,1.0000,0.0000,1.0000,1.0000,3.0000,439.8150,440
400,334,13.0000,13.0000,0.0000,1.0000,1.0000,0.0000,3.0000,439.8147,440
401,182,21.0000,21.0000,0.0000,1.0000,1.0000,0.0000,3.0000,439.8108,440
402,172,20.0000,20.0000,0.0000,1.0000,1.0000,0.0000,3.0000,439.8180,440
403,132,2.0000,2.0000,0.0000,0.0000,-0.0000,0.0000,0.0000,-0.1573,-1
404,343,26.0000,26.3035,0.3035,1.0000,1.0000,0.0000,3.0000,439.8153,440
405,233,32.0000,32.0000,0.0000,1.0000,1.0000,0.0000,3.0000,439.8134,440
406,271,28.0000,28.0000,0.0000,1.0000,1.0000,0.0000,3.0000,439.8172,440
407,216,27.0000,27.0000,0.0000,1.0000,1.0000,0.0000,3.0000,439.8185,440
408,261,18.0000,18.0000,0.0000,1.0000,1.0000,0.0000,3.0000,439.8161,440
409,431,11.0000,11.0000,0.0000,1.0000,1.0000,0.0000,3.0000,439.8159,440
410,141,5.0000,5.0000,0.0000,0.0000,-0.0000,0.0000,3.0000,439.6545,440
411,307,24.0000,26.0000,2.0000,1.0000,1.0000,0.0000,3.0000,439.8138,440
412,258,30.0000,30.0000,0.0000,1.0000,1.0000,0.0000,3.0000,439.8127,440
413,176,20.0000,20.0000,0.0000,1.0000,1.0000,0.0000,3.0000,439.8153,440
414,247,9.0000,9.0000,0.0000,1.0000,1.0000,0.0000,3.0000,439.8150,440
415,390,11.0000,11.0000,0.0000,1.0000,1.0000,0.0000,3.0000,439.8146,440
416,234,29.0000,29.0000,0.0000,1.0000,1.0000,0.0000,3.0000,439.8130,440
417,224,16.0000,16.0000,0.0000,1.0000,1.0000,0.0000,3.0000,439.8179,440
418,200,22.0000,22.0000,0.0000,1.0000,1.0000,0.0000,3.0000,439.8157,440
419,297,27.0000,27.0000,0.0000,1.0000,1.0000,0.0000,3.0000,439.8136,440
420,340,26.0000,26.0000,0.0000,1.0000,1.0000,0.0000,3.0000,439.8138,440
421,323,12.0000,12.0000,0.0000,1.0000,1.0000,0.0000,3.0000,439.8137,440
422,213,6.0000,6.0000,0.0000,1.0000,1.0000,0.0000,3.0000,439.8143,440
423,395,21.0000,21.0000,0.0000,1.0000,1.0000,0.0000,3.0000,439.8195,440
424,158,13.0000,13.0000,0.0000,1.0000,1.0000,0.0000,3.0000,439.8121,440
425,279,10.0000,11.0000,1.0000,1.0000,1.0000,0.0000,3.0000,439.8136,440
426,309,17.0000,17.0000,0.0000,1.0000,1.0000,0.0000,3.0000,439.8175,440
427,236,11.0000,11.0000,0.0000,1.0000,1.0000,0.0000,3.0000,439.8158,440
428,427,9.0000,9.0000,0.0000,1.0000,1.0000,0.0000,3.0000,439.8160,440
429,291,14.0000,14.0000,0.0000,1.0000,1.0000,0.0000,3.0000,439.8121,440
430,434,7.0000,7.0000,0.0000,1.0000,1.0000,0.0000,3.0000,439.8148,440
431,235,15.0000,15.0000,0.0000,1.0000,1.0000,0.0000,3.0000,439.8122,440
432,244,29.0000,29.0000,0.0000,1.0000,1.0000,0.0000,3.0000,439.8146,440
433,249,21.0000,22.0000,1.0000,1.0000,1.0000,0.0000,3.0000,439.8116,440
434,442,7.0000,7.0000,0.0000,1.0000,1.0000,0.0000,3.0000,439.8194,440
435,439,7.0000,7.0000,0.0000,1.0000,1.0000,0.0000,3.0000,439.8208,440
436,348,18.0000,18.0000,0.0000,1.0000,1.0000,0.0000,3.0000,439.8142,440
437,221,26.0000,26.0000,0.0000,1.0000,1.0000,0.0000,3.0000,439.8150,440
438,359,10.0000,11.0000,1.0000,1.0000,1.0000,0.0000,3.0000,439.8133,440
439,346,24.0000,24.0000,0.0000,1.0000,1.0000,0.0000,3.0000,439.8168,440
440,196,13.0000,13.0000,0.0000,1.0000,1.0000,0.0000,3.0000,439.8165,440
441,156,13.0000,13.0000,0.0000,1.0000,1.0000,0.0000,3.0000,439.8098,440
442,241,15.0000,15.0000,0.0000,1.0000,1.0000,0.0000,3.0000,439.8185,440
443,227,14.0000,14.0000,0.0000,1.0000,1.0000,0.0000,3.0000,439.8158,440
444,360,22.0000,22.0000,0.0000,1.0000,1.0000,0.0000,3.0000,439.8171,440
445,194,22.0000,22.0000,0.0000,1.0000,1.0000,0.0000,3.0000,439.8112,440
446,266,3.0000,4.0000,1.0000,0.0000,0.0000,0.0000,3.0000,439.6569,440
447,251,21.0000,21.0000,0.0000,1.0000,1.0000,0.0000,3.0000,439.8122,440
448,192,18.0000,18.0000,0.0000,1.0000,1.0000,0.0000,3.0000,439.8154,440
449,385,20.0000,20.0000,0.0000,1.0000,1.0000,0.0000,3.0000,439.8158,440
450,457,18.0000,18.0000,0.0000,1.0000,1.0000,0.0000,4.0000,591.8152,592
451,479,23.0000,23.0000,0.0000,1.0000,1.0000,0.0000,4.0000,591.8140,592
452,477,19.0000,19.0000,0.0000,1.0000,1.0000,0.0000,4.0000,591.8108,592
453,530,21.0000,21.0000,0.0000,1.0000,1.0000,0.0000,4.0000,591.8128,592
454,514,39.0000,39.0000,0.0000,1.0000,1.0000,0.0000,4.0000,591.8116,592
455,544,27.0000,27.0000,0.0000,1.0000,1.0000,0.0000,4.0000,591.8149,592
456,531,18.0000,18.0000,0.0000,1.0000,1.0000,0.0000,4.0000,591.8132,592
457,591,6.0000,6.0000,0.0000,1.0000,1.0000,0.0000,4.0000,591.8180,592
458,586,11.0000,11.0000,0.0000,1.0000,1.0000,0.0000,4.0000,591.8166,592
459,430,3.0000,3.0000,0.0000,0.0000,0.0000,0.0000,0.0000,-0.1556,-1
460,523,37.0000,39.0000,2.0000,1.0000,1.0000,0.0000,4.0000,591.8115,592
461,495,21.0000,21.0000,0.0000,1.0000,1.0000,0.0000,4.0000,591.8123,592
462,583,14.0000,14.0000,0.0000,1.0000,1.0000,0.0000,4.0000,591.8149,592
463,587,4.0000,4.0000,0.0000,0.0000,0.0000,0.0000,4.0000,591.6547,592
464,532,35.0000,35.0000,0.0000,1.0000,1.0000,0.0000,4.0000,591.8114,592
465,597,6.0000,6.0000,0.0000,1.0000,1.0000,0.0000,4.0000,591.8255,592
466,564,20.0000,20.0000,0.0000,1.0000,1.0000,0.0000,4.0000,591.8125,592
467,469,20.0000,20.0000,0.0000,1.0000,1.0000,0.0000,4.0000,591.8127,592
468,565,21.0000,21.0000,0.0000,1.0000,1.0000,0.0000,4.0000,591.8133,592
469,481,24.0000,24.0000,0.0000,1.0000,1.0000,0.0000,4.0000,591.8121,592
470,579,16.0000,16.0000,0.0000,1.0000,1.0000,0.0000,4.0000,591.8137,592
471,536,11.0000,11.0000,0.0000,1.0000,1.0000,0.0000,4.0000,591.8169,592
472,594,4.0000,4.0000,0.0000,0.0000,0.0000,0.0000,4.0000,591.6546,592
473,548,29.0000,29.0000,0.0000,1.0000,1.0000,0.0000,4.0000,591.8114,592
474,589,8.0000,8.0000,0.0000,1.0000,1.0000,0.0000,4.0000,591.8155,592
475,491,25.0000,25.0000,0.0000,1.0000,1.0000,0.0000,4.0000,591.8157,592
476,497,36.0000,36.0000,0.0000,1.0000,1.0000,0.0000,4.0000,591.8117,592
477,501,34.0000,34.0000,0.0000,1.0000,1.0000,0.0000,4.0000,591.8144,592
478,464,16.0000,16.0000,0.0000,1.0000,1.0000,0.0000,4.0000,591.8117,592
479,595,4.0000,4.0000,0.0000,0.0000,0.0000,0.0000,4.0000,591.6665,592
480,588,7.0000,7.0000,0.0000,1.0000,1.0000,0.0000,4.0000,591.8173,592
481,468,16.0000,16.0000,0.0000,1.0000,1.0000,0.0000,4.0000,591.8126,592
482,277,2.0000,2.0000,0.0000,0.0000,-0.0000,0.0000,0.0000,-0.1586,-1
483,511,37.0000,37.0000,0.0000,1.0000,1.0000,0.0000,4.0000,591.8143,592
484,507,23.0000,23.0000,0.0000,1.0000,1.0000,0.0000,4.0000,591.8127,592
485,520,14.0000,14.0000,0.0000,1.0000,1.0000,0.0000,4.0000,591.8139,592
486,500,33.0000,33.0000,0.0000,1.0000,1.0000,0.0000,4.0000,591.8134,592
487,484,27.0000,28.0000,1.0000,1.0000,1.0000,0.0000,4.0000,591.8122,592
488,540,37.0000,37.0000,0.0000,1.0000,1.0000,0.0000,4.0000,591.8134,592
489,562,28.0000,28.0000,0.0000,1.0000,1.0000,0.0000,4.0000,591.8124,592
490,525,36.0000,36.0000,0.0000,1.0000,1.0000,0.0000,4.0000,591.8128,592
491,506,25.0000,25.0000,0.0000,1.0000,1.0000,0.0000,4.0000,591.8137,592
492,505,25.0000,25.0000,0.0000,1.0000,1.0000,0.0000,4.0000,591.8129,592
493,512,33.0000,33.0000,0.0000,1.0000,1.0000,0.0000,4.0000,591.8122,592
494,538,37.0000,38.0000,1.0000,1.0000,1.0000,0.0000,4.0000,591.8138,592
495,489,29.0000,29.0000,0.0000,1.0000,1.0000,0.0000,4.0000,591.8143,592
496,551,27.0000,28.0000,1.0000,1.0000,1.0000,0.0000,4.0000,591.8122,592
497,566,21.0000,21.0000,0.0000,1.0000,1.0000,0.0000,4.0000,591.8142,592
498,543,24.0000,24.0000,0.0000,1.0000,1.0000,0.0000,4.0000,591.8164,592
499,561,20.0000,20.0000,0.0000,1.0000,1.0000,0.0000,4.0000,591.8121,592
500,550,11.0000,11.0000,0.0000,1.0000,1.0000,0.0000,4.0000,591.8126,592
501,519,12.0000,12.0000,0.0000,1.0000,1.0000,0.0000,4.0000,591.8140,592
502,487,28.0000,29.0000,1.0000,1.0000,1.0000,0.0000,4.0000,591.8132,592
503,577,17.0000,17.0000,0.0000,1.0000,1.0000,0.0000,4.0000,591.8150,592
504,456,12.0000,12.0000,0.0000,1.0000,1.0000,0.0000,4.0000,591.8135,592
505,563,21.0000,21.0000,0.0000,1.0000,1.0000,0.0000,4.0000,591.8137,592
506,455,13.0000,13.0000,0.0000,1.0000,1.0000,0.0000,4.0000,591.8153,592
507,546,35.0000,35.0000,0.0000,1.0000,1.0000,0.0000,4.0000,591.8116,592
508,534,24.0000,24.0000,0.0000,1.0000,1.0000,0.0000,4.0000,591.8139,592
509,539,24.0000,24.0000,0.0000,1.0000,1.0000,0.0000,4.0000,591.8124,592
510,574,9.0000,9.0000,0.0000,1.0000,1.0000,0.0000,4.0000,591.8125,592
511,451,7.0000,7.0000,0.0000,1.0000,1.0000,0.0000,4.0000,591.8115,592
512,470,20.0000,20.0000,0.0000,1.0000,1.0000,0.0000,4.0000,591.8112,592
513,556,18.0000,18.0000,0.0000,1.0000,1.0000,0.0000,4.0000,591.8141,592
514,554,17.0000,17.0000,0.0000,1.0000,1.0000,0.0000,4.0000,591.8174,592
515,515,40.0000,40.0000,0.0000,1.0000,1.0000,0.0000,4.0000,591.8128,592
516,480,30.0000,30.0000,0.0000,1.0000,1.0000,0.0000,4.0000,591.8122,592
517,569,13.0000,13.0000,0.0000,1.0000,1.0000,0.0000,4.0000,591.8160,592
518,526,18.0000,18.0000,0.0000,1.0000,1.0000,0.0000,4.0000,591.8134,592
519,438,7.0000,7.0000,0.0000,1.0000,1.0000,0.0000,4.0000,591.8122,592
520,535,36.0000,37.0000,1.0000,1.0000,1.0000,0.0000,4.0000,591.8122,592
521,513,34.0000,34.0000,0.0000,1.0000,1.0000,0.0000,4.0000,591.8118,592
522,490,32.0000,32.0000,0.0000,1.0000,1.0000,0.0000,4.0000,591.8129,592
523,509,37.0000,37.0000,0.0000,1.0000,1.0000,0.0000,4.0000,591.8114,592
524,441,9.0000,9.0000,0.0000,1.0000,1.0000,0.0000,4.0000,591.8123,592
525,527,13.0000,13.0000,0.0000,1.0000,1.0000,0.0000,4.0000,591.8137,592
526,590,3.0000,3.0000,0.0000,0.0000,-0.0000,0.0000,4.0000,591.6652,592
527,486,13.0000,13.0000,0.0000,1.0000,1.0000,0.0000,4.0000,591.8103,592
528,553,31.0000,31.0000,0.0000,1.0000,1.0000,0.0000,4.0000,591.8119,592
529,571,13.0000,13.0000,0.0000,1.0000,1.0000,0.0000,4.0000,591.8138,592
530,576,19.0000,19.0000,0.0000,1.0000,1.0000,0.0000,4.0000,591.8157,592
531,580,17.0000,17.0000,0.0000,1.0000,1.0000,0.0000,4.0000,591.8136,592
532,578,8.0000,8.0000,0.0000,1.0000,1.0000,0.0000,4.0000,591.8124,592
533,496,12.0000,12.0000,0.0000,1.0000,1.0000,0.0000,4.0000,591.8156,592
534,581,6.0000,6.0000,0.0000,1.0000,1.0000,0.0000,4.0000,591.8126,592
535,537,14.0000,14.0000,0.0000,1.0000,1.0000,0.0000,4.0000,591.8149,592
536,502,28.0000,28.0000,0.0000,1.0000,1.0000,0.0000,4.0000,591.8149,592
537,499,38.0000,38.0000,0.0000,1.0000,1.0000,0.0000,4.0000,591.8126,592
538,529,37.0000,37.0000,0.0000,1.0000,1.0000,0.0000,4.0000,591.8106,592
539,522,34.0000,34.0000,0.0000,1.0000,1.0000,0.0000,4.0000,591.8118,592
540,443,3.0000,3.0000,0.0000,0.0000,-0.0000,0.0000,0.0000,-0.1575,-1
541,510,40.0000,40.0000,0.0000,1.0000,1.0000,0.0000,4.0000,591.8112,592
542,559,23.0000,23.0000,0.0000,1.0000,1.0000,0.0000,4.0000,591.8100,592
543,592,7.0000,7.0000,0.0000,1.0000,1.0000,0.0000,4.0000,591.8208,592
544,558,8.0000,8.0000,0.0000,1.0000,1.0000,0.0000,4.0000,591.8128,592
545,482,28.0000,28.0000,0.0000,1.0000,1.0000,0.0000,4.0000,591.8098,592
546,504,26.0000,26.0000,0.0000,1.0000,1.0000,0.0000,4.0000,591.8133,592
547,463,20.0000,20.0000,0.0000,1.0000,1.0000,0.0000,4.0000,591.8158,592
548,575,20.0000,20.0000,0.0000,1.0000,1.0000,0.0000,4.0000,591.8136,592
549,567,27.0000,27.0000,0.0000,1.0000,1.0000,0.0000,4.0000,591.8143,592
550,585,15.0000,15.0000,0.0000,1.0000,1.0000,0.0000,4.0000,591.8154,592
551,498,37.0000,37.0000,0.0000,1.0000,1.0000,0.0000,4.0000,591.8141,592
552,492,35.0000,35.0000,0.0000,1.0000,1.0000,0.0000,4.0000,591.8124,592
553,568,10.0000,10.0000,0.0000,1.0000,1.0000,0.0000,4.0000,591.8151,592
554,572,4.0000,4.0000,0.0000,0.0000,-0.0000,0.0000,4.0000,591.6563,592
555,584,3.0000,3.0000,0.0000,0.0000,-0.0000,0.0000,4.0000,591.6557,592
556,460,12.0000,12.0000,0.0000,1.0000,1.0000,0.0000,4.0000,591.8158,592
557,542,18.0000,18.0000,0.0000,1.0000,1.0000,0.0000,4.0000,591.8138,592
558,474,23.0000,23.0000,0.0000,1.0000,1.0000,0.0000,4.0000,591.8128,592
559,503,38.0000,38.0000,0.0000,1.0000,1.0000,0.0000,4.0000,591.8146,592
560,601,4.0000,4.0000,0.0000,0.0000,-0.0000,0.0000,4.0000,591.6620,592
561,533,38.0000,38.0000,0.0000,1.0000,1.0000,0.0000,4.0000,591.8131,592
562,593,4.0000,4.0000,0.0000,0.0000,-0.0000,0.0000,4.0000,591.6560,592
563,472,22.0000,22.0000,0.0000,1.0000,1.0000,0.0000,4.0000,591.8130,592
564,521,23.0000,23.0000,0.0000,1.0000,1.0000,0.0000,4.0000,591.8134,592
565,461,8.0000,8.0000,0.0000,1.0000,1.0000,0.0000,4.0000,591.8111,592
566,508,39.0000,40.0000,1.0000,1.0000,1.0000,0.0000,4.0000,591.8114,592
567,557,19.0000,19.0000,0.0000,1.0000,1.0000,0.0000,4.0000,591.8145,592
568,471,17.0000,17.0000,0.0000,1.0000,1.0000,0.0000,4.0000,591.8112,592
569,450,13.0000,13.0000,0.0000,1.0000,1.0000,0.0000,4.0000,591.8152,592
570,582,14.0000,14.0000,0.0000,1.0000,1.0000,0.0000,4.0000,591.8148,592
571,494,25.0000,25.0000,0.0000,1.0000,1.0000,0.0000,4.0000,591.8127,592
572,448,13.0000,13.0000,0.0000,1.0000,1.0000,0.0000,4.0000,591.8166,592
573,516,33.0000,33.0000,0.0000,1.0000,1.0000,0.0000,4.0000,591.8114,592
574,485,22.0000,22.0000,0.0000,1.0000,1.0000,0.0000,4.0000,591.8127,592
575,541,21.0000,21.0000,0.0000,1.0000,1.0000,0.0000,4.0000,591.8135,592
576,473,22.0000,23.0000,1.0000,1.0000,1.0000,0.0000,4.0000,591.8125,592
577,560,24.0000,25.0000,1.0000,1.0000,1.0000,0.0000,4.0000,591.8134,592
578,475,12.0000,12.0000,0.0000,1.0000,1.0000,0.0000,4.0000,591.8126,592
579,518,35.0000,35.0000,0.0000,1.0000,1.0000,0.0000,4.0000,591.8109,592
580,570,14.0000,14.0000,0.0000,1.0000,1.0000,0.0000,4.0000,591.8129,592
581,446,6.0000,6.0000,0.0000,1.0000,1.0000,0.0000,4.0000,591.8102,592
582,573,21.0000,21.0000,0.0000,1.0000,1.0000,0.0000,4.0000,591.8152,592
583,596,6.0000,6.0000,0.0000,1.0000,1.0000,0.0000,4.0000,591.8220,592
584,598,5.0000,5.0000,0.0000,0.0000,0.0000,0.0000,4.0000,591.6636,592
585,488,30.0000,30.0000,0.0000,1.0000,1.0000,0.0000,4.0000,591.8102,592
586,555,14.0000,14.0000,0.0000,1.0000,1.0000,0.0000,4.0000,591.8139,592
587,549,8.0000,8.0000,0.0000,1.0000,1.0000,0.0000,4.0000,591.8123,592
588,545,32.0000,32.0000,0.0000,1.0000,1.0000,0.0000,4.0000,591.8131,592
589,467,2.0000,2.0000,0.0000,0.0000,0.0000,0.0000,0.0000,-0.1580,-1
590,552,24.0000,24.0000,0.0000,1.0000,1.0000,0.0000,4.0000,591.8144,592
591,547,18.0000,18.0000,0.0000,1.0000,1.0000,0.0000,4.0000,591.8151,592
592,476,17.0000,17.0000,0.0000,1.0000,1.0000,0.0000,4.0000,591.8127,592
593,517,5.0000,5.0000,0.0000,0.0000,-0.0000,0.0000,4.0000,591.6541,592
594,493,27.0000,27.0000,0.0000,1.0000,1.0000,0.0000,4.0000,591.8143,592
595,528,6.0000,6.0000,0.0000,1.0000,1.0000,0.0000,4.0000,591.8167,592
596,380,3.0000,3.0000,0.0000,0.0000,0.0000,0.0000,0.0000,-0.1572,-1
597,483,26.0000,26.0000,0.0000,1.0000,1.0000,0.0000,4.0000,591.8129,592
598,524,34.0000,34.0000,0.0000,1.0000,1.0000,0.0000,4.0000,591.8138,592
599,466,16.0000,16.0000,0.0000,1.0000,1.0000,0.0000,4.0000,591.8143,592
600,620,22.0000,22.0000,0.0000,1.0000,1.0000,0.0000,5.0000,825.8213,826
601,625,15.0000,15.0000,0.0000,1.0000,1.0000,0.0000,5.0000,825.8244,826
602,696,31.0000,31.0000,0.0000,1.0000,1.0000,0.0000,5.0000,825.8135,826
603,849,5.0000,5.0000,0.0000,0.0000,0.0000,0.0000,5.0000,825.6560,826
604,616,16.0000,16.0000,0.0000,1.0000,1.0000,0.0000,5.0000,825.8247,826
605,700,14.0000,14.0000,0.0000,1.0000,1.0000,0.0000,5.0000,825.8145,826
606,639,22.0000,22.0000,0.0000,1.0000,1.0000,0.0000,5.0000,825.8236,826
607,692,24.0000,25.0000,1.0000,1.0000,1.0000,0.0000,5.0000,825.8141,826
608,715,26.0000,27.0000,1.0000,1.0000,1.0000,0.0000,5.0000,825.8136,826
609,768,27.0000,27.0000,0.0000,1.0000,1.0000,0.0000,5.0000,825.8078,826
610,875,3.0000,3.0000,0.0000,0.0000,0.0000,0.0000,0.0000,-0.1576,-1
611,656,15.0000,15.0000,0.0000,1.0000,1.0000,0.0000,5.0000,825.8187,826
612,661,18.0000,18.0000,0.0000,1.0000,1.0000,0.0000,5.0000,825.8149,826
613,760,12.0000,12.0000,0.0000,1.0000,1.0000,0.0000,5.0000,825.8121,826
614,672,28.0000,28.0000,0.0000,1.0000,1.0000,0.0000,5.0000,825.8141,826
615,689,25.0000,26.0000,1.0000,1.0000,1.0000,0.0000,5.0000,825.8119,826
616,763,27.0000,27.0000,0.0000,1.0000,1.0000,0.0000,5.0000,825.8114,826
617,600,2.0000,2.0000,0.0000,0.0000,0.0000,0.0000,0.0000,-0.1571,-1
618,705,28.0000,28.0000,0.0000,1.0000,1.0000,0.0000,5.0000,825.8142,826
619,824,13.0000,13.0000,0.0000,1.0000,1.0000,0.0000,5.0000,825.8129,826
620,723,17.0000,18.0000,1.0000,1.0000,1.0000,0.0000,5.0000,825.8138,826
621,781,28.0000,28.0000,0.0000,1.0000,1.0000,0.0000,5.0000,825.8093,826
622,743,25.0000,25.0000,0.0000,1.0000,1.0000,0.0000,5.0000,825.8121,826
623,711,24.0000,24.0000,0.0000,1.0000,1.0000,0.0000,5.0000,825.8136,826
624,815,20.0000,20.0000,0.0000,1.0000,1.0000,0.0000,5.0000,825.8116,826
625,725,24.0000,25.0000,1.0000,1.0000,1.0000,0.0000,5.0000,825.8119,826
626,790,23.0000,23.0000,0.0000,1.0000,1.0000,0.0000,5.0000,825.8075,826
627,856,4.0000,4.0000,0.0000,0.0000,-0.0000,0.0000,0.0000,-0.1584,-1
628,759,27.0000,27.0000,0.0000,1.0000,1.0000,0.0000,5.0000,825.8083,826
629,736,16.0000,16.0000,0.0000,1.0000,1.0000,0.0000,5.0000,825.8115,826
630,872,3.0000,3.0000,0.0000,0.0000,-0.0000,0.0000,0.0000,-0.1567,-1
631,827,11.0000,11.0000,0.0000,1.0000,1.0000,0.0000,5.0000,825.8136,826
632,630,25.0000,25.0000,0.0000,1.0000,1.0000,0.0000,5.0000,825.8224,826
633,615,18.0000,18.0000,0.0000,1.0000,1.0000,0.0000,5.0000,825.8249,826
634,807,14.0000,15.0000,1.0000,1.0000,1.0000,0.0000,5.0000,825.8088,826
635,599,2.0000,2.0000,0.0000,0.0000,0.0000,0.0000,0.0000,-0.1584,-1
636,809,21.0000,21.0000,0.0000,1.0000,1.0000,0.0000,5.0000,825.8097,826
637,788,24.0000,24.0000,0.0000,1.0000,1.0000,0.0000,5.0000,825.8084,826
638,658,20.0000,20.0000,0.0000,1.0000,1.0000,0.0000,5.0000,825.8171,826
639,793,10.0000,10.0000,0.0000,1.0000,1.0000,0.0000,5.0000,825.8101,826
640,769,23.0000,23.0000,0.0000,1.0000,1.0000,0.0000,5.0000,825.8119,826
641,724,23.0000,24.0000,1.0000,1.0000,1.0000,0.0000,5.0000,825.8141,826
642,608,5.0000,5.0000,0.0000,0.0000,0.0000,0.0000,5.0000,825.6689,826
643,679,27.0000,27.0000,0.0000,1.0000,1.0000,0.0000,5.0000,825.8142,826
644,693,31.0000,31.0000,0.0000,1.0000,1.0000,0.0000,5.0000,825.8138,826
645,627,20.0000,20.0000,0.0000,1.0000,1.0000,0.0000,5.0000,825.8228,826
646,662,24.0000,24.0000,0.0000,1.0000,1.0000,0.0000,5.0000,825.8104,826
647,892,1.0000,1.0000,0.0000,0.0000,-0.0000,0.0000,0.0000,-0.1594,-1
648,644,20.0000,20.0000,0.0000,1.0000,1.0000,0.0000,5.0000,825.8188,826
649,626,22.0000,22.0000,0.0000,1.0000,1.0000,0.0000,5.0000,825.8226,826
650,773,29.0000,29.0000,0.0000,1.0000,1.0000,0.0000,5.0000,825.8088,826
651,643,18.0000,18.0000,0.0000,1.0000,1.0000,0.0000,5.0000,825.8221,826
652,677,21.0000,21.0000,0.0000,1.0000,1.0000,0.0000,5.0000,825.8158,826
653,635,22.0000,22.0000,0.0000,1.0000,1.0000,0.0000,5.0000,825.8239,826
654,722,19.0000,19.0000,0.0000,1.0000,1.0000,0.0000,5.0000,825.8122,826
655,609,5.0000,5.0000,0.0000,0.0000,-0.0000,0.0000,5.0000,825.6702,826
656,638,22.0000,22.0000,0.0000,1.0000,1.0000,0.0000,5.0000,825.8240,826
657,714,25.0000,25.0000,0.0000,1.0000,1.0000,0.0000,5.0000,825.8144,826
658,605,1.0000,1.0000,0.0000,0.0000,-0.0000,0.0000,0.0000,-0.1574,-1
659,671,19.0000,19.0000,0.0000,1.0000,1.0000,0.0000,5.0000,825.8128,826
660,729,18.0000,18.0000,0.0000,1.0000,1.0000,0.0000,5.0000,825.8136,826
661,617,13.0000,13.0000,0.0000,1.0000,1.0000,0.0000,5.0000,825.8238,826
662,623,15.0000,15.0000,0.0000,1.0000,1.0000,0.0000,5.0000,825.8224,826
663,694,24.0000,24.0000,0.0000,1.0000,1.0000,0.0000,5.0000,825.8121,826
664,742,17.0000,17.0000,0.0000,1.0000,1.0000,0.0000,5.0000,825.8070,826
665,751,26.0000,26.0000,0.0000,1.0000,1.0000,0.0000,5.0000,825.8102,826
666,855,4.0000,4.0000,0.0000,0.0000,-0.0000,0.0000,0.0000,-0.1573,-1
667,607,4.0000,5.0000,1.0000,0.0000,0.0000,0.0000,5.0000,825.6705,826
668,624,21.0000,21.0000,0.0000,1.0000,1.0000,0.0000,5.0000,825.8236,826
669,610,8.0000,8.0000,0.0000,1.0000,1.0000,0.0000,5.0000,825.8268,826
670,629,23.0000,23.0000,0.0000,1.0000,1.0000,0.0000,5.0000,825.8225,826
671,670,3.0000,3.0000,0.0000,0.0000,0.0000,0.0000,5.0000,825.6547,826
672,744,24.0000,24.0000,0.0000,1.0000,1.0000,0.0000,5.0000,825.8091,826
673,648,16.0000,16.0000,0.0000,1.0000,1.0000,0.0000,5.0000,825.8197,826
674,685,6.0000,6.0000,0.0000,1.0000,1.0000,0.0000,5.0000,825.8112,826
675,719,9.0000,9.0000,0.0000,1.0000,1.0000,0.0000,5.0000,825.8114,826
676,828,12.0000,12.0000,0.0000,1.0000,1.0000,0.0000,5.0000,825.8148,826
677,718,26.0000,26.0000,0.0000,1.0000,1.0000,0.0000,5.0000,825.8150,826
678,750,25.0000,25.0000,0.0000,1.0000,1.0000,0.0000,5.0000,825.8086,826
679,682,27.0000,27.0000,0.0000,1.0000,1.0000,0.0000,5.0000,825.8125,826
680,786,27.0000,27.0000,0.0000,1.0000,1.0000,0.0000,5.0000,825.8102,826
681,640,2.0000,2.0000,0.0000,0.0000,0.0000,0.0000,5.0000,825.6647,826
682,603,4.0000,4.0000,0.0000,0.0000,0.0000,0.0000,0.0000,-0.1576,-1
683,621,21.0000,21.0000,0.0000,1.0000,1.0000,0.0000,5.0000,825.8209,826
684,651,18.0000,18.0000,0.0000,1.0000,1.0000,0.0000,5.0000,825.8175,826
685,645,14.0000,15.0000,1.0000,1.0000,1.0000,0.0000,5.0000,825.8188,826
686,657,19.0000,19.0000,0.0000,1.0000,1.0000,0.0000,5.0000,825.8151,826
687,830,14.0000,14.0000,0.0000,1.0000,1.0000,0.0000,5.0000,825.8127,826
688,810,17.0000,17.0000,0.0000,1.0000,1.0000,0.0000,5.0000,825.8107,826
689,634,22.0000,22.0000,0.0000,1.0000,1.0000,0.0000,5.0000,825.8220,826
690,622,21.0000,21.0000,0.0000,1.0000,1.0000,0.0000,5.0000,825.8233,826
691,673,22.0000,22.0000,0.0000,1.0000,1.0000,0.0000,5.0000,825.8135,826
692,867,5.0000,5.0000,0.0000,0.0000,-0.0000,0.0000,0.0000,-0.1578,-1
693,642,18.0000,19.0000,1.0000,1.0000,1.0000,0.0000,5.0000,825.8208,826
694,602,4.0000,4.0000,0.0000,0.0000,-0.0000,0.0000,0.0000,-0.1581,-1
695,817,18.0000,19.0000,1.0000,1.0000,1.0000,0.0000,5.0000,825.8118,826
696,823,16.0000,16.0000,0.0000,1.0000,1.0000,0.0000,5.0000,825.8100,826
697,762,26.0000,26.0000,0.0000,1.0000,1.0000,0.0000,5.0000,825.8103,826
698,778,23.0000,23.0000,0.0000,1.0000,1.0000,0.0000,5.0000,825.8094,826
699,668,27.0000,27.0000,0.0000,1.0000,1.0000,0.0000,5.0000,825.8133,826
700,659,20.0000,20.0000,0.0000,1.0000,1.0000,0.0000,5.0000,825.8170,826
701,650,15.0000,16.0000,1.0000,1.0000,1.0000,0.0000,5.0000,825.8184,826
702,794,23.0000,23.0000,0.0000,1.0000,1.0000,0.0000,5.0000,825.8092,826
703,691,25.0000,25.0000,0.0000,1.0000,1.0000,0.0000,5.0000,825.8123,826
704,774,28.0000,28.0000,0.0000,1.0000,1.0000,0.0000,5.0000,825.8095,826
705,695,18.0000,19.0000,1.0000,1.0000,1.0000,0.0000,5.0000,825.8130,826
706,851,4.0000,4.0000,0.0000,0.0000,0.0000,0.0000,0.0000,-0.1589,-1
707,721,27.0000,27.0000,0.0000,1.0000,1.0000,0.0000,5.0000,825.8118,826
708,613,17.0000,17.0000,0.0000,1.0000,1.0000,0.0000,5.0000,825.8228,826
709,748,23.0000,23.0000,0.0000,1.0000,1.0000,0.0000,5.0000,825.8087,826
710,698,30.0000,30.7348,0.7348,1.0000,1.0000,0.0000,5.0000,825.8143,826
711,683,14.0000,14.0000,0.0000,1.0000,1.0000,0.0000,5.0000,825.8206,826
712,831,12.0000,12.0000,0.0000,1.0000,1.0000,0.0000,5.0000,825.8118,826
713,804,23.0000,23.0000,0.0000,1.0000,1.0000,0.0000,5.0000,825.8094,826
714,814,10.0000,10.0000,0.0000,1.0000,1.0000,0.0000,5.0000,825.8119,826
715,637,21.0000,22.0000,1.0000,1.0000,1.0000,0.0000,5.0000,825.8235,826
716,612,4.0000,5.0000,1.0000,0.0000,-0.0000,0.0000,5.0000,825.6689,826
717,747,19.0000,19.0000,0.0000,1.0000,1.0000,0.0000,5.0000,825.8112,826
718,709,27.0000,27.0000,0.0000,1.0000,1.0000,0.0000,5.0000,825.8139,826
719,618,18.0000,18.0000,0.0000,1.0000,1.0000,0.0000,5.0000,825.8223,826
720,765,24.0000,24.0000,0.0000,1.0000,1.0000,0.0000,5.0000,825.8091,826
721,687,29.0000,29.0000,0.0000,1.0000,1.0000,0.0000,5.0000,825.8160,826
722,803,12.0000,12.0000,0.0000,1.0000,1.0000,0.0000,5.0000,825.8119,826
723,782,24.0000,24.0000,0.0000,1.0000,1.0000,0.0000,5.0000,825.8108,826
724,829,12.0000,12.0000,0.0000,1.0000,1.0000,0.0000,5.0000,825.8130,826
725,660,18.0000,18.7348,0.7348,1.0000,1.0000,0.0000,5.0000,825.8138,826
726,690,29.0000,29.0000,0.0000,1.0000,1.0000,0.0000,5.0000,825.8123,826
727,754,26.0000,26.0000,0.0000,1.0000,1.0000,0.0000,5.0000,825.8110,826
728,614,13.0000,13.0000,0.0000,1.0000,1.0000,0.0000,5.0000,825.8249,826
729,604,4.0000,4.0000,0.0000,0.0000,0.0000,0.0000,0.0000,-0.1584,-1
730,770,27.0000,27.0000,0.0000,1.0000,1.0000,0.0000,5.0000,825.8100,826
731,641,22.0000,22.0000,0.0000,1.0000,1.0000,0.0000,5.0000,825.8215,826
732,666,23.0000,23.0000,0.0000,1.0000,1.0000,0.0000,5.0000,825.8126,826
733,619,19.0000,19.0000,0.0000,1.0000,1.0000,0.0000,5.0000,825.8218,826
734,649,18.0000,18.0000,0.0000,1.0000,1.0000,0.0000,5.0000,825.8179,826
735,702,30.0000,30.0000,0.0000,1.0000,1.0000,0.0000,5.0000,825.8150,826
736,663,19.0000,19.0000,0.0000,1.0000,1.0000,0.0000,5.0000,825.8119,826
737,749,17.0000,17.0000,0.0000,1.0000,1.0000,0.0000,5.0000,825.8105,826
738,777,25.0000,25.0000,0.0000,1.0000,1.0000,0.0000,5.0000,825.8104,826
739,789,25.0000,25.0000,0.0000,1.0000,1.0000,0.0000,5.0000,825.8080,826
740,755,18.0000,18.0000,0.0000,1.0000,1.0000,0.0000,5.0000,825.8124,826
741,779,28.0000,28.0000,0.0000,1.0000,1.0000,0.0000,5.0000,825.8100,826
742,606,4.0000,4.0000,0.0000,0.0000,0.0000,0.0000,0.0000,-0.1585,-1
743,766,23.0000,23.0000,0.0000,1.0000,1.0000,0.0000,5.0000,825.8106,826
744,652,14.0000,14.0000,0.0000,1.0000,1.0000,0.0000,5.0000,825.8183,826
745,646,12.0000,12.0000,0.0000,1.0000,1.0000,0.0000,5.0000,825.8190,826
746,669,28.0000,28.0000,0.0000,1.0000,1.0000,0.0000,5.0000,825.8127,826
747,678,16.0000,16.0000,0.0000,1.0000,1.0000,0.0000,5.0000,825.8128,826
748,688,29.0000,30.0000,1.0000,1.0000,1.0000,0.0000,5.0000,825.8141,826
749,628,21.0000,21.0000,0.0000,1.0000,1.0000,0.0000,5.0000,825.8249,826
750,860,17.0000,17.0000,0.0000,1.0000,1.0000,0.0000,6.0000,891.8042,892
751,712,15.0000,15.0000,0.0000,1.0000,1.0000,0.0000,6.0000,891.8122,892
752,806,27.0000,27.0000,0.0000,1.0000,1.0000,0.0000,6.0000,891.8058,892
753,821,26.0000,26.0000,0.0000,1.0000,1.0000,0.0000,6.0000,891.8084,892
754,752,24.0000,24.0000,0.0000,1.0000,1.0000,0.0000,6.0000,891.8107,892
755,684,11.0000,11.0000,0.0000,1.0000,1.0000,0.0000,6.0000,891.8120,892
756,880,15.0000,16.0000,1.0000,1.0000,1.0000,0.0000,6.0000,891.8045,892
757,889,14.0000,14.0000,0.0000,1.0000,1.0000,0.0000,6.0000,891.8008,892
758,783,19.0000,19.0000,0.0000,1.0000,1.0000,0.0000,6.0000,891.8075,892
759,704,18.0000,18.0000,0.0000,1.0000,1.0000,0.0000,6.0000,891.8109,892
760,842,30.0000,30.0000,0.0000,1.0000,1.0000,0.0000,6.0000,891.8058,892
761,680,14.0000,14.0000,0.0000,1.0000,1.0000,0.0000,6.0000,891.8103,892
762,878,15.0000,15.0000,0.0000,1.0000,1.0000,0.0000,6.0000,891.8053,892
763,885,14.0000,14.0000,0.0000,1.0000,1.0000,0.0000,6.0000,891.8036,892
764,697,15.0000,15.0000,0.0000,1.0000,1.0000,0.0000,6.0000,891.8077,892
765,858,20.0000,20.0000,0.0000,1.0000,1.0000,0.0000,6.0000,891.8062,892
766,873,13.0000,13.0000,0.0000,1.0000,1.0000,0.0000,6.0000,891.8029,892
767,799,25.0000,25.0000,0.0000,1.0000,1.0000,0.0000,6.0000,891.8098,892
768,681,14.0000,14.0000,0.0000,1.0000,1.0000,0.0000,6.0000,891.8114,892
769,726,20.0000,20.0000,0.0000,1.0000,1.0000,0.0000,6.0000,891.8084,892
770,866,13.0000,13.0000,0.0000,1.0000,1.0000,0.0000,6.0000,891.8034,892
771,865,10.0000,11.0000,1.0000,1.0000,1.0000,0.0000,6.0000,891.8034,892
772,888,14.0000,14.0000,0.0000,1.0000,1.0000,0.0000,6.0000,891.8033,892
773,713,6.0000,6.0000,0.0000,1.0000,1.0000,0.0000,6.0000,891.8103,892
774,727,21.0000,21.0000,0.0000,1.0000,1.0000,0.0000,6.0000,891.8076,892
775,879,15.0000,15.0000,0.0000,1.0000,1.0000,0.0000,6.0000,891.8037,892
776,767,25.0000,25.0000,0.0000,1.0000,1.0000,0.0000,6.0000,891.8078,892
777,881,14.0000,14.0000,0.0000,1.0000,1.0000,0.0000,6.0000,891.8003,892
778,701,19.0000,19.0000,0.0000,1.0000,1.0000,0.0000,6.0000,891.8098,892
779,761,10.0000,10.0000,0.0000,1.0000,1.0000,0.0000,6.0000,891.8102,892
780,764,21.0000,21.0000,0.0000,1.0000,1.0000,0.0000,6.0000,891.8083,892
781,818,27.0000,27.0000,0.0000,1.0000,1.0000,0.0000,6.0000,891.8083,892
782,826,26.0000,26.0000,0.0000,1.0000,1.0000,0.0000,6.0000,891.8077,892
783,832,28.0000,28.0000,0.0000,1.0000,1.0000,0.0000,6.0000,891.8066,892
784,731,20.0000,20.0000,0.0000,1.0000,1.0000,0.0000,6.0000,891.8073,892
785,839,30.0000,30.0000,0.0000,1.0000,1.0000,0.0000,6.0000,891.8052,892
786,676,15.0000,15.0000,0.0000,1.0000,1.0000,0.0000,6.0000,891.8100,892
787,854,20.0000,20.0000,0.0000,1.0000,1.0000,0.0000,6.0000,891.8057,892
788,887,14.0000,14.0000,0.0000,1.0000,1.0000,0.0000,6.0000,891.8018,892
789,850,27.0000,27.0000,0.0000,1.0000,1.0000,0.0000,6.0000,891.8063,892
790,808,10.0000,10.0000,0.0000,1.0000,1.0000,0.0000,6.0000,891.8047,892
791,841,19.0000,19.0000,0.0000,1.0000,1.0000,0.0000,6.0000,891.8064,892
792,896,4.0000,4.0000,0.0000,0.0000,0.0000,0.0000,6.0000,891.6515,892
793,633,4.0000,4.0000,0.0000,0.0000,0.0000,0.0000,0.0000,-0.1579,-1
794,780,26.0000,26.0000,0.0000,1.0000,1.0000,0.0000,6.0000,891.8081,892
795,636,4.0000,4.0000,0.0000,0.0000,0.0000,0.0000,0.0000,-0.1583,-1
796,631,3.0000,3.0000,0.0000,0.0000,0.0000,0.0000,0.0000,-0.1585,-1
797,876,15.0000,15.0000,0.0000,1.0000,1.0000,0.0000,6.0000,891.8032,892
798,884,13.0000,13.0000,0.0000,1.0000,1.0000,0.0000,6.0000,891.8019,892
799,703,21.0000,21.0000,0.0000,1.0000,1.0000,0.0000,6.0000,891.8127,892
800,730,19.0000,19.0000,0.0000,1.0000,1.0000,0.0000,6.0000,891.8116,892
801,772,25.0000,25.0000,0.0000,1.0000,1.0000,0.0000,6.0000,891.8087,892
802,738,19.0000,19.0000,0.0000,1.0000,1.0000,0.0000,6.0000,891.8098,892
803,785,13.0000,13.0000,0.0000,1.0000,1.0000,0.0000,6.0000,891.8089,892
804,655,6.0000,6.0000,0.0000,1.0000,1.0000,0.0000,6.0000,891.8063,892
805,784,21.0000,21.0000,0.0000,1.0000,1.0000,0.0000,6.0000,891.8062,892
806,820,21.0000,21.0000,0.0000,1.0000,1.0000,0.0000,6.0000,891.8089,892
807,745,23.0000,23.0000,0.0000,1.0000,1.0000,0.0000,6.0000,891.8087,892
808,667,15.0000,15.0000,0.0000,1.0000,1.0000,0.0000,6.0000,891.8090,892
809,801,22.0000,22.0000,0.0000,1.0000,1.0000,0.0000,6.0000,891.8052,892
810,868,15.0000,15.0000,0.0000,1.0000,1.0000,0.0000,6.0000,891.8057,892
811,654,5.0000,5.0000,0.0000,0.0000,-0.0000,0.0000,6.0000,891.6466,892
812,871,14.0000,14.0000,0.0000,1.0000,1.0000,0.0000,6.0000,891.8034,892
813,882,13.0000,13.0000,0.0000,1.0000,1.0000,0.0000,6.0000,891.8027,892
814,883,12.0000,12.0000,0.0000,1.0000,1.0000,0.0000,6.0000,891.7988,892
815,857,21.0000,21.0000,0.0000,1.0000,1.0000,0.0000,6.0000,891.8065,892
816,816,26.0000,26.0000,0.0000,1.0000,1.0000,0.0000,6.0000,891.8088,892
817,771,18.0000,18.0000,0.0000,1.0000,1.0000,0.0000,6.0000,891.8089,892
818,847,17.0000,17.0000,0.0000,1.0000,1.0000,0.0000,6.0000,891.8083,892
819,717,16.0000,16.0000,0.0000,1.0000,1.0000,0.0000,6.0000,891.8116,892
820,846,31.0000,31.0000,0.0000,1.0000,1.0000,0.0000,6.0000,891.8061,892
821,864,16.0000,16.0000,0.0000,1.0000,1.0000,0.0000,6.0000,891.8048,892
822,848,24.0000,24.0000,0.0000,1.0000,1.0000,0.0000,6.0000,891.8055,892
823,756,23.0000,23.0000,0.0000,1.0000,1.0000,0.0000,6.0000,891.8085,892
824,874,14.0000,14.0000,0.0000,1.0000,1.0000,0.0000,6.0000,891.8036,892
825,741,22.0000,22.0000,0.0000,1.0000,1.0000,0.0000,6.0000,891.8113,892
826,732,26.0000,26.0000,0.0000,1.0000,1.0000,0.0000,6.0000,891.8092,892
827,886,14.0000,14.0000,0.0000,1.0000,1.0000,0.0000,6.0000,891.8026,892
828,686,11.0000,11.0000,0.0000,1.0000,1.0000,0.0000,6.0000,891.8113,892
829,728,20.0000,20.0000,0.0000,1.0000,1.0000,0.0000,6.0000,891.8070,892
830,845,22.0000,22.0000,0.0000,1.0000,1.0000,0.0000,6.0000,891.8039,892
831,611,1.0000,1.0000,0.0000,0.0000,-0.0000,0.0000,0.0000,-0.1584,-1
832,819,26.0000,26.0000,0.0000,1.0000,1.0000,0.0000,6.0000,891.8088,892
833,825,27.0000,27.0000,0.0000,1.0000,1.0000,0.0000,6.0000,891.8071,892
834,835,28.0000,29.0000,1.0000,1.0000,1.0000,0.0000,6.0000,891.8031,892
835,706,20.0000,20.0000,0.0000,1.0000,1.0000,0.0000,6.0000,891.8118,892
836,734,21.0000,21.0000,0.0000,1.0000,1.0000,0.0000,6.0000,891.8093,892
837,870,17.0000,17.0000,0.0000,1.0000,1.0000,0.0000,6.0000,891.8029,892
838,838,28.0000,28.0000,0.0000,1.0000,1.0000,0.0000,6.0000,891.8034,892
839,699,21.0000,21.0000,0.0000,1.0000,1.0000,0.0000,6.0000,891.8087,892
840,813,28.0000,28.0000,0.0000,1.0000,1.0000,0.0000,6.0000,891.8071,892
841,863,6.0000,6.0000,0.0000,1.0000,1.0000,0.0000,6.0000,891.8052,892
842,733,27.0000,27.0000,0.0000,1.0000,1.0000,0.0000,6.0000,891.8071,892
843,708,22.0000,22.0000,0.0000,1.0000,1.0000,0.0000,6.0000,891.8116,892
844,833,27.0000,27.0000,0.0000,1.0000,1.0000,0.0000,6.0000,891.8073,892
845,869,17.0000,17.0000,0.0000,1.0000,1.0000,0.0000,6.0000,891.8060,892
846,664,5.0000,5.0000,0.0000,0.0000,-0.0000,0.0000,6.0000,891.6461,892
847,802,25.0000,25.0000,0.0000,1.0000,1.0000,0.0000,6.0000,891.8075,892
848,796,24.0000,24.0000,0.0000,1.0000,1.0000,0.0000,6.0000,891.8086,892
849,787,19.0000,19.0000,0.0000,1.0000,1.0000,0.0000,6.0000,891.8083,892
850,737,26.0000,26.0000,0.0000,1.0000,1.0000,0.0000,6.0000,891.8100,892
851,791,24.0000,24.0000,0.0000,1.0000,1.0000,0.0000,6.0000,891.8117,892
852,894,8.0000,8.0000,0.0000,1.0000,1.0000,0.0000,6.0000,891.8058,892
853,893,5.0000,5.0000,0.0000,0.0000,0.0000,0.0000,6.0000,891.6552,892
854,647,4.0000,4.0000,0.0000,0.0000,0.0000,0.0000,6.0000,891.6490,892
855,836,22.0000,22.0000,0.0000,1.0000,1.0000,0.0000,6.0000,891.8063,892
856,653,6.0000,6.0000,0.0000,1.0000,1.0000,0.0000,6.0000,891.8038,892
857,632,4.0000,4.0000,0.0000,0.0000,0.0000,0.0000,6.0000,891.6387,892
858,812,24.0000,24.0000,0.0000,1.0000,1.0000,0.0000,6.0000,891.8100,892
859,859,22.0000,22.0000,0.0000,1.0000,1.0000,0.0000,6.0000,891.8045,892
860,837,28.0000,28.0000,0.0000,1.0000,1.0000,0.0000,6.0000,891.8035,892
861,675,16.0000,16.0000,0.0000,1.0000,1.0000,0.0000,6.0000,891.8127,892
862,805,27.0000,27.0000,0.0000,1.0000,1.0000,0.0000,6.0000,891.8072,892
863,844,26.0000,26.0000,0.0000,1.0000,1.0000,0.0000,6.0000,891.8049,892
864,710,11.0000,11.0000,0.0000,1.0000,1.0000,0.0000,6.0000,891.8115,892
865,797,18.0000,18.0000,0.0000,1.0000,1.0000,0.0000,6.0000,891.8098,892
866,834,30.0000,30.0000,0.0000,1.0000,1.0000,0.0000,6.0000,891.8063,892
867,853,20.0000,20.0000,0.0000,1.0000,1.0000,0.0000,6.0000,891.8074,892
868,753,24.0000,24.0000,0.0000,1.0000,1.0000,0.0000,6.0000,891.8105,892
869,852,23.0000,23.0000,0.0000,1.0000,1.0000,0.0000,6.0000,891.8076,892
870,758,15.0000,15.0000,0.0000,1.0000,1.0000,0.0000,6.0000,891.8079,892
871,795,20.0000,20.0000,0.0000,1.0000,1.0000,0.0000,6.0000,891.8077,892
872,792,21.0000,21.0000,0.0000,1.0000,1.0000,0.0000,6.0000,891.8078,892
873,822,28.0000,28.0000,0.0000,1.0000,1.0000,0.0000,6.0000,891.8073,892
874,746,23.0000,23.0000,0.0000,1.0000,1.0000,0.0000,6.0000,891.8075,892
875,776,21.0000,21.0000,0.0000,1.0000,1.0000,0.0000,6.0000,891.8067,892
876,716,26.0000,26.0000,0.0000,1.0000,1.0000,0.0000,6.0000,891.8101,892
877,890,12.0000,12.0000,0.0000,1.0000,1.0000,0.0000,6.0000,891.8023,892
878,775,20.0000,20.0000,0.0000,1.0000,1.0000,0.0000,6.0000,891.8066,892
879,740,21.0000,21.0000,0.0000,1.0000,1.0000,0.0000,6.0000,891.8078,892
880,843,21.0000,21.0000,0.0000,1.0000,1.0000,0.0000,6.0000,891.8047,892
881,898,3.0000,3.0000,0.0000,0.0000,-0.0000,0.0000,6.0000,891.6497,892
882,720,19.0000,19.0000,0.0000,1.0000,1.0000,0.0000,6.0000,891.8102,892
883,735,24.0000,24.0000,0.0000,1.0000,1.0000,0.0000,6.0000,891.8102,892
884,811,26.0000,26.0000,0.0000,1.0000,1.0000,0.0000,6.0000,891.8098,892
885,861,13.0000,13.0000,0.0000,1.0000,1.0000,0.0000,6.0000,891.8056,892
886,877,17.0000,17.0000,0.0000,1.0000,1.0000,0.0000,6.0000,891.8011,892
887,665,7.0000,7.0000,0.0000,1.0000,1.0000,0.0000,6.0000,891.8084,892
888,674,14.0000,14.0000,0.0000,1.0000,1.0000,0.0000,6.0000,891.8114,892
889,895,6.0000,6.0000,0.0000,1.0000,1.0000,0.0000,6.0000,891.8083,892
890,800,16.0000,16.0000,0.0000,1.0000,1.0000,0.0000,6.0000,891.8058,892
891,739,26.0000,26.0000,0.0000,1.0000,1.0000,0.0000,6.0000,891.8088,892
892,862,16.0000,16.0000,0.0000,1.0000,1.0000,0.0000,6.0000,891.8046,892
893,891,12.0000,12.0000,0.0000,1.0000,1.0000,0.0000,6.0000,891.8028,892
894,798,24.0000,24.0000,0.0000,1.0000,1.0000,0.0000,6.0000,891.8079,892
895,897,6.0000,6.0000,0.0000,1.0000,1.0000,0.0000,6.0000,891.8081,892
896,707,21.0000,21.0000,0.0000,1.0000,1.0000,0.0000,6.0000,891.8116,892
897,757,24.0000,24.0000,0.0000,1.0000,1.0000,0.0000,6.0000,891.8094,892
898,840,16.0000,17.0000,1.0000,1.0000,1.0000,0.0000,6.0000,891.8080,892
899,899,1.0000,1.0000,0.0000,0.0000,0.0000,0.0000,0.0000,-0.1576,-1
